-- phpMyAdmin SQL Dump
-- version 5.1.3
-- https://www.phpmyadmin.net/
--
-- Host: 127.0.0.1
-- Generation Time: Oct 29, 2022 at 04:30 PM
-- Server version: 10.4.24-MariaDB
-- PHP Version: 7.4.28

SET SQL_MODE = "NO_AUTO_VALUE_ON_ZERO";
START TRANSACTION;
SET time_zone = "+00:00";


/*!40101 SET @OLD_CHARACTER_SET_CLIENT=@@CHARACTER_SET_CLIENT */;
/*!40101 SET @OLD_CHARACTER_SET_RESULTS=@@CHARACTER_SET_RESULTS */;
/*!40101 SET @OLD_COLLATION_CONNECTION=@@COLLATION_CONNECTION */;
/*!40101 SET NAMES utf8mb4 */;

--
-- Database: `db_finalkepal`
--

-- --------------------------------------------------------

--
-- Table structure for table `alamat`
--

CREATE TABLE `alamat` (
  `id` bigint(20) UNSIGNED NOT NULL,
  `cities_id` int(11) NOT NULL,
  `detail` varchar(255) COLLATE utf8mb4_unicode_ci NOT NULL,
  `user_id` bigint(20) UNSIGNED NOT NULL,
  `created_at` timestamp NULL DEFAULT NULL,
  `updated_at` timestamp NULL DEFAULT NULL
) ENGINE=InnoDB DEFAULT CHARSET=utf8mb4 COLLATE=utf8mb4_unicode_ci;

--
-- Dumping data for table `alamat`
--

INSERT INTO `alamat` (`id`, `cities_id`, `detail`, `user_id`, `created_at`, `updated_at`) VALUES
(1, 481, 'IT Del', 2, '2022-10-21 18:55:51', '2022-10-21 18:55:51'),
(2, 481, 'Institut Teknologi Del, Laguboti', 1, '2022-10-24 18:40:02', '2022-10-24 18:40:02'),
(3, 382, 'PT ASTRA', 2, '2022-10-24 19:04:48', '2022-10-24 19:04:48'),
(4, 481, 'Institut Teknologi Del, Laguboti', 3, '2022-10-25 00:09:47', '2022-10-25 00:09:47'),
(5, 481, 'Institut Teknologi Del, Laguboti', 4, '2022-10-25 19:02:36', '2022-10-25 19:02:36'),
(6, 155, 'Kotabaru', 4, '2022-10-25 19:14:49', '2022-10-25 19:14:49'),
(7, 481, 'Institut Teknologi Del, Laguboti', 6, '2022-10-26 07:13:23', '2022-10-26 07:13:23'),
(8, 484, 'Kampus Institut Teknologi Del', 11, '2022-10-26 20:44:23', '2022-10-26 20:44:23'),
(9, 88, 'Bone Bolango', 13, '2022-10-26 21:39:51', '2022-10-26 21:39:51'),
(10, 467, 'Tarakan', 15, '2022-10-26 23:05:34', '2022-10-26 23:05:34'),
(11, 326, 'palangkaraya', 16, '2022-10-26 23:13:13', '2022-10-26 23:13:13'),
(12, 460, 'Tanjung Jabung Barat', 20, '2022-10-27 02:34:54', '2022-10-27 02:34:54'),
(13, 124, 'Kotamobagu', 23, '2022-10-28 07:11:52', '2022-10-28 07:11:52');

-- --------------------------------------------------------

--
-- Table structure for table `alamat_toko`
--

CREATE TABLE `alamat_toko` (
  `id` bigint(20) UNSIGNED NOT NULL,
  `city_id` int(11) NOT NULL,
  `detail` varchar(255) COLLATE utf8mb4_unicode_ci NOT NULL,
  `created_at` timestamp NULL DEFAULT NULL,
  `updated_at` timestamp NULL DEFAULT NULL
) ENGINE=InnoDB DEFAULT CHARSET=utf8mb4 COLLATE=utf8mb4_unicode_ci;

--
-- Dumping data for table `alamat_toko`
--

INSERT INTO `alamat_toko` (`id`, `city_id`, `detail`, `created_at`, `updated_at`) VALUES
(1, 481, 'IT Del', NULL, NULL);

-- --------------------------------------------------------

--
-- Table structure for table `categories`
--

CREATE TABLE `categories` (
  `id` bigint(20) UNSIGNED NOT NULL,
  `name` varchar(255) COLLATE utf8mb4_unicode_ci NOT NULL,
  `created_at` timestamp NULL DEFAULT NULL,
  `updated_at` timestamp NULL DEFAULT NULL
) ENGINE=InnoDB DEFAULT CHARSET=utf8mb4 COLLATE=utf8mb4_unicode_ci;

--
-- Dumping data for table `categories`
--

INSERT INTO `categories` (`id`, `name`, `created_at`, `updated_at`) VALUES
(1, 'Laptop', '2022-10-21 18:44:00', '2022-10-21 18:44:00'),
(2, 'MacBook', '2022-10-21 18:44:17', '2022-10-21 18:44:17'),
(3, 'Android', '2022-10-21 18:44:43', '2022-10-21 18:44:43'),
(4, 'IPhone', '2022-10-25 18:07:44', '2022-10-25 18:07:44');

-- --------------------------------------------------------

--
-- Table structure for table `cities`
--

CREATE TABLE `cities` (
  `id` bigint(20) UNSIGNED NOT NULL,
  `province_id` bigint(20) UNSIGNED NOT NULL,
  `city_id` bigint(20) UNSIGNED NOT NULL,
  `title` varchar(255) COLLATE utf8mb4_unicode_ci NOT NULL,
  `created_at` timestamp NULL DEFAULT NULL,
  `updated_at` timestamp NULL DEFAULT NULL
) ENGINE=InnoDB DEFAULT CHARSET=utf8mb4 COLLATE=utf8mb4_unicode_ci;

--
-- Dumping data for table `cities`
--

INSERT INTO `cities` (`id`, `province_id`, `city_id`, `title`, `created_at`, `updated_at`) VALUES
(1, 1, 17, 'Badung', '2022-10-21 12:45:03', '2022-10-21 12:45:03'),
(2, 1, 32, 'Bangli', '2022-10-21 12:45:03', '2022-10-21 12:45:03'),
(3, 1, 94, 'Buleleng', '2022-10-21 12:45:03', '2022-10-21 12:45:03'),
(4, 1, 114, 'Denpasar', '2022-10-21 12:45:03', '2022-10-21 12:45:03'),
(5, 1, 128, 'Gianyar', '2022-10-21 12:45:03', '2022-10-21 12:45:03'),
(6, 1, 161, 'Jembrana', '2022-10-21 12:45:03', '2022-10-21 12:45:03'),
(7, 1, 170, 'Karangasem', '2022-10-21 12:45:04', '2022-10-21 12:45:04'),
(8, 1, 197, 'Klungkung', '2022-10-21 12:45:04', '2022-10-21 12:45:04'),
(9, 1, 447, 'Tabanan', '2022-10-21 12:45:04', '2022-10-21 12:45:04'),
(10, 2, 27, 'Bangka', '2022-10-21 12:45:05', '2022-10-21 12:45:05'),
(11, 2, 28, 'Bangka Barat', '2022-10-21 12:45:05', '2022-10-21 12:45:05'),
(12, 2, 29, 'Bangka Selatan', '2022-10-21 12:45:05', '2022-10-21 12:45:05'),
(13, 2, 30, 'Bangka Tengah', '2022-10-21 12:45:05', '2022-10-21 12:45:05'),
(14, 2, 56, 'Belitung', '2022-10-21 12:45:05', '2022-10-21 12:45:05'),
(15, 2, 57, 'Belitung Timur', '2022-10-21 12:45:05', '2022-10-21 12:45:05'),
(16, 2, 334, 'Pangkal Pinang', '2022-10-21 12:45:05', '2022-10-21 12:45:05'),
(17, 3, 106, 'Cilegon', '2022-10-21 12:45:07', '2022-10-21 12:45:07'),
(18, 3, 232, 'Lebak', '2022-10-21 12:45:07', '2022-10-21 12:45:07'),
(19, 3, 331, 'Pandeglang', '2022-10-21 12:45:07', '2022-10-21 12:45:07'),
(20, 3, 402, 'Serang', '2022-10-21 12:45:07', '2022-10-21 12:45:07'),
(21, 3, 403, 'Serang', '2022-10-21 12:45:07', '2022-10-21 12:45:07'),
(22, 3, 455, 'Tangerang', '2022-10-21 12:45:07', '2022-10-21 12:45:07'),
(23, 3, 456, 'Tangerang', '2022-10-21 12:45:07', '2022-10-21 12:45:07'),
(24, 3, 457, 'Tangerang Selatan', '2022-10-21 12:45:07', '2022-10-21 12:45:07'),
(25, 4, 62, 'Bengkulu', '2022-10-21 12:45:08', '2022-10-21 12:45:08'),
(26, 4, 63, 'Bengkulu Selatan', '2022-10-21 12:45:08', '2022-10-21 12:45:08'),
(27, 4, 64, 'Bengkulu Tengah', '2022-10-21 12:45:08', '2022-10-21 12:45:08'),
(28, 4, 65, 'Bengkulu Utara', '2022-10-21 12:45:08', '2022-10-21 12:45:08'),
(29, 4, 175, 'Kaur', '2022-10-21 12:45:08', '2022-10-21 12:45:08'),
(30, 4, 183, 'Kepahiang', '2022-10-21 12:45:08', '2022-10-21 12:45:08'),
(31, 4, 233, 'Lebong', '2022-10-21 12:45:08', '2022-10-21 12:45:08'),
(32, 4, 294, 'Muko Muko', '2022-10-21 12:45:08', '2022-10-21 12:45:08'),
(33, 4, 379, 'Rejang Lebong', '2022-10-21 12:45:08', '2022-10-21 12:45:08'),
(34, 4, 397, 'Seluma', '2022-10-21 12:45:08', '2022-10-21 12:45:08'),
(35, 5, 39, 'Bantul', '2022-10-21 12:45:10', '2022-10-21 12:45:10'),
(36, 5, 135, 'Gunung Kidul', '2022-10-21 12:45:10', '2022-10-21 12:45:10'),
(37, 5, 210, 'Kulon Progo', '2022-10-21 12:45:10', '2022-10-21 12:45:10'),
(38, 5, 419, 'Sleman', '2022-10-21 12:45:10', '2022-10-21 12:45:10'),
(39, 5, 501, 'Yogyakarta', '2022-10-21 12:45:10', '2022-10-21 12:45:10'),
(40, 6, 151, 'Jakarta Barat', '2022-10-21 12:45:11', '2022-10-21 12:45:11'),
(41, 6, 152, 'Jakarta Pusat', '2022-10-21 12:45:11', '2022-10-21 12:45:11'),
(42, 6, 153, 'Jakarta Selatan', '2022-10-21 12:45:11', '2022-10-21 12:45:11'),
(43, 6, 154, 'Jakarta Timur', '2022-10-21 12:45:11', '2022-10-21 12:45:11'),
(44, 6, 155, 'Jakarta Utara', '2022-10-21 12:45:11', '2022-10-21 12:45:11'),
(45, 6, 189, 'Kepulauan Seribu', '2022-10-21 12:45:11', '2022-10-21 12:45:11'),
(46, 7, 77, 'Boalemo', '2022-10-21 12:45:13', '2022-10-21 12:45:13'),
(47, 7, 88, 'Bone Bolango', '2022-10-21 12:45:13', '2022-10-21 12:45:13'),
(48, 7, 129, 'Gorontalo', '2022-10-21 12:45:13', '2022-10-21 12:45:13'),
(49, 7, 130, 'Gorontalo', '2022-10-21 12:45:13', '2022-10-21 12:45:13'),
(50, 7, 131, 'Gorontalo Utara', '2022-10-21 12:45:13', '2022-10-21 12:45:13'),
(51, 7, 361, 'Pohuwato', '2022-10-21 12:45:13', '2022-10-21 12:45:13'),
(52, 8, 50, 'Batang Hari', '2022-10-21 12:45:14', '2022-10-21 12:45:14'),
(53, 8, 97, 'Bungo', '2022-10-21 12:45:14', '2022-10-21 12:45:14'),
(54, 8, 156, 'Jambi', '2022-10-21 12:45:14', '2022-10-21 12:45:14'),
(55, 8, 194, 'Kerinci', '2022-10-21 12:45:14', '2022-10-21 12:45:14'),
(56, 8, 280, 'Merangin', '2022-10-21 12:45:14', '2022-10-21 12:45:14'),
(57, 8, 293, 'Muaro Jambi', '2022-10-21 12:45:14', '2022-10-21 12:45:14'),
(58, 8, 393, 'Sarolangun', '2022-10-21 12:45:14', '2022-10-21 12:45:14'),
(59, 8, 442, 'Sungaipenuh', '2022-10-21 12:45:14', '2022-10-21 12:45:14'),
(60, 8, 460, 'Tanjung Jabung Barat', '2022-10-21 12:45:14', '2022-10-21 12:45:14'),
(61, 8, 461, 'Tanjung Jabung Timur', '2022-10-21 12:45:14', '2022-10-21 12:45:14'),
(62, 8, 471, 'Tebo', '2022-10-21 12:45:14', '2022-10-21 12:45:14'),
(63, 9, 22, 'Bandung', '2022-10-21 12:45:16', '2022-10-21 12:45:16'),
(64, 9, 23, 'Bandung', '2022-10-21 12:45:16', '2022-10-21 12:45:16'),
(65, 9, 24, 'Bandung Barat', '2022-10-21 12:45:16', '2022-10-21 12:45:16'),
(66, 9, 34, 'Banjar', '2022-10-21 12:45:16', '2022-10-21 12:45:16'),
(67, 9, 54, 'Bekasi', '2022-10-21 12:45:16', '2022-10-21 12:45:16'),
(68, 9, 55, 'Bekasi', '2022-10-21 12:45:16', '2022-10-21 12:45:16'),
(69, 9, 78, 'Bogor', '2022-10-21 12:45:16', '2022-10-21 12:45:16'),
(70, 9, 79, 'Bogor', '2022-10-21 12:45:16', '2022-10-21 12:45:16'),
(71, 9, 103, 'Ciamis', '2022-10-21 12:45:16', '2022-10-21 12:45:16'),
(72, 9, 104, 'Cianjur', '2022-10-21 12:45:16', '2022-10-21 12:45:16'),
(73, 9, 107, 'Cimahi', '2022-10-21 12:45:16', '2022-10-21 12:45:16'),
(74, 9, 108, 'Cirebon', '2022-10-21 12:45:16', '2022-10-21 12:45:16'),
(75, 9, 109, 'Cirebon', '2022-10-21 12:45:16', '2022-10-21 12:45:16'),
(76, 9, 115, 'Depok', '2022-10-21 12:45:16', '2022-10-21 12:45:16'),
(77, 9, 126, 'Garut', '2022-10-21 12:45:16', '2022-10-21 12:45:16'),
(78, 9, 149, 'Indramayu', '2022-10-21 12:45:16', '2022-10-21 12:45:16'),
(79, 9, 171, 'Karawang', '2022-10-21 12:45:16', '2022-10-21 12:45:16'),
(80, 9, 211, 'Kuningan', '2022-10-21 12:45:16', '2022-10-21 12:45:16'),
(81, 9, 252, 'Majalengka', '2022-10-21 12:45:16', '2022-10-21 12:45:16'),
(82, 9, 332, 'Pangandaran', '2022-10-21 12:45:16', '2022-10-21 12:45:16'),
(83, 9, 376, 'Purwakarta', '2022-10-21 12:45:16', '2022-10-21 12:45:16'),
(84, 9, 428, 'Subang', '2022-10-21 12:45:16', '2022-10-21 12:45:16'),
(85, 9, 430, 'Sukabumi', '2022-10-21 12:45:16', '2022-10-21 12:45:16'),
(86, 9, 431, 'Sukabumi', '2022-10-21 12:45:16', '2022-10-21 12:45:16'),
(87, 9, 440, 'Sumedang', '2022-10-21 12:45:16', '2022-10-21 12:45:16'),
(88, 9, 468, 'Tasikmalaya', '2022-10-21 12:45:16', '2022-10-21 12:45:16'),
(89, 9, 469, 'Tasikmalaya', '2022-10-21 12:45:16', '2022-10-21 12:45:16'),
(90, 10, 37, 'Banjarnegara', '2022-10-21 12:45:17', '2022-10-21 12:45:17'),
(91, 10, 41, 'Banyumas', '2022-10-21 12:45:17', '2022-10-21 12:45:17'),
(92, 10, 49, 'Batang', '2022-10-21 12:45:17', '2022-10-21 12:45:17'),
(93, 10, 76, 'Blora', '2022-10-21 12:45:17', '2022-10-21 12:45:17'),
(94, 10, 91, 'Boyolali', '2022-10-21 12:45:17', '2022-10-21 12:45:17'),
(95, 10, 92, 'Brebes', '2022-10-21 12:45:17', '2022-10-21 12:45:17'),
(96, 10, 105, 'Cilacap', '2022-10-21 12:45:17', '2022-10-21 12:45:17'),
(97, 10, 113, 'Demak', '2022-10-21 12:45:17', '2022-10-21 12:45:17'),
(98, 10, 134, 'Grobogan', '2022-10-21 12:45:17', '2022-10-21 12:45:17'),
(99, 10, 163, 'Jepara', '2022-10-21 12:45:17', '2022-10-21 12:45:17'),
(100, 10, 169, 'Karanganyar', '2022-10-21 12:45:17', '2022-10-21 12:45:17'),
(101, 10, 177, 'Kebumen', '2022-10-21 12:45:17', '2022-10-21 12:45:17'),
(102, 10, 181, 'Kendal', '2022-10-21 12:45:17', '2022-10-21 12:45:17'),
(103, 10, 196, 'Klaten', '2022-10-21 12:45:17', '2022-10-21 12:45:17'),
(104, 10, 209, 'Kudus', '2022-10-21 12:45:17', '2022-10-21 12:45:17'),
(105, 10, 249, 'Magelang', '2022-10-21 12:45:17', '2022-10-21 12:45:17'),
(106, 10, 250, 'Magelang', '2022-10-21 12:45:17', '2022-10-21 12:45:17'),
(107, 10, 344, 'Pati', '2022-10-21 12:45:17', '2022-10-21 12:45:17'),
(108, 10, 348, 'Pekalongan', '2022-10-21 12:45:17', '2022-10-21 12:45:17'),
(109, 10, 349, 'Pekalongan', '2022-10-21 12:45:17', '2022-10-21 12:45:17'),
(110, 10, 352, 'Pemalang', '2022-10-21 12:45:17', '2022-10-21 12:45:17'),
(111, 10, 375, 'Purbalingga', '2022-10-21 12:45:17', '2022-10-21 12:45:17'),
(112, 10, 377, 'Purworejo', '2022-10-21 12:45:17', '2022-10-21 12:45:17'),
(113, 10, 380, 'Rembang', '2022-10-21 12:45:17', '2022-10-21 12:45:17'),
(114, 10, 386, 'Salatiga', '2022-10-21 12:45:17', '2022-10-21 12:45:17'),
(115, 10, 398, 'Semarang', '2022-10-21 12:45:17', '2022-10-21 12:45:17'),
(116, 10, 399, 'Semarang', '2022-10-21 12:45:17', '2022-10-21 12:45:17'),
(117, 10, 427, 'Sragen', '2022-10-21 12:45:17', '2022-10-21 12:45:17'),
(118, 10, 433, 'Sukoharjo', '2022-10-21 12:45:17', '2022-10-21 12:45:17'),
(119, 10, 445, 'Surakarta (Solo)', '2022-10-21 12:45:17', '2022-10-21 12:45:17'),
(120, 10, 472, 'Tegal', '2022-10-21 12:45:17', '2022-10-21 12:45:17'),
(121, 10, 473, 'Tegal', '2022-10-21 12:45:17', '2022-10-21 12:45:17'),
(122, 10, 476, 'Temanggung', '2022-10-21 12:45:17', '2022-10-21 12:45:17'),
(123, 10, 497, 'Wonogiri', '2022-10-21 12:45:17', '2022-10-21 12:45:17'),
(124, 10, 498, 'Wonosobo', '2022-10-21 12:45:17', '2022-10-21 12:45:17'),
(125, 11, 31, 'Bangkalan', '2022-10-21 12:45:19', '2022-10-21 12:45:19'),
(126, 11, 42, 'Banyuwangi', '2022-10-21 12:45:19', '2022-10-21 12:45:19'),
(127, 11, 51, 'Batu', '2022-10-21 12:45:19', '2022-10-21 12:45:19'),
(128, 11, 74, 'Blitar', '2022-10-21 12:45:19', '2022-10-21 12:45:19'),
(129, 11, 75, 'Blitar', '2022-10-21 12:45:19', '2022-10-21 12:45:19'),
(130, 11, 80, 'Bojonegoro', '2022-10-21 12:45:19', '2022-10-21 12:45:19'),
(131, 11, 86, 'Bondowoso', '2022-10-21 12:45:19', '2022-10-21 12:45:19'),
(132, 11, 133, 'Gresik', '2022-10-21 12:45:19', '2022-10-21 12:45:19'),
(133, 11, 160, 'Jember', '2022-10-21 12:45:19', '2022-10-21 12:45:19'),
(134, 11, 164, 'Jombang', '2022-10-21 12:45:19', '2022-10-21 12:45:19'),
(135, 11, 178, 'Kediri', '2022-10-21 12:45:19', '2022-10-21 12:45:19'),
(136, 11, 179, 'Kediri', '2022-10-21 12:45:19', '2022-10-21 12:45:19'),
(137, 11, 222, 'Lamongan', '2022-10-21 12:45:19', '2022-10-21 12:45:19'),
(138, 11, 243, 'Lumajang', '2022-10-21 12:45:19', '2022-10-21 12:45:19'),
(139, 11, 247, 'Madiun', '2022-10-21 12:45:19', '2022-10-21 12:45:19'),
(140, 11, 248, 'Madiun', '2022-10-21 12:45:19', '2022-10-21 12:45:19'),
(141, 11, 251, 'Magetan', '2022-10-21 12:45:19', '2022-10-21 12:45:19'),
(142, 11, 255, 'Malang', '2022-10-21 12:45:19', '2022-10-21 12:45:19'),
(143, 11, 256, 'Malang', '2022-10-21 12:45:19', '2022-10-21 12:45:19'),
(144, 11, 289, 'Mojokerto', '2022-10-21 12:45:19', '2022-10-21 12:45:19'),
(145, 11, 290, 'Mojokerto', '2022-10-21 12:45:19', '2022-10-21 12:45:19'),
(146, 11, 305, 'Nganjuk', '2022-10-21 12:45:19', '2022-10-21 12:45:19'),
(147, 11, 306, 'Ngawi', '2022-10-21 12:45:19', '2022-10-21 12:45:19'),
(148, 11, 317, 'Pacitan', '2022-10-21 12:45:19', '2022-10-21 12:45:19'),
(149, 11, 330, 'Pamekasan', '2022-10-21 12:45:19', '2022-10-21 12:45:19'),
(150, 11, 342, 'Pasuruan', '2022-10-21 12:45:19', '2022-10-21 12:45:19'),
(151, 11, 343, 'Pasuruan', '2022-10-21 12:45:19', '2022-10-21 12:45:19'),
(152, 11, 363, 'Ponorogo', '2022-10-21 12:45:19', '2022-10-21 12:45:19'),
(153, 11, 369, 'Probolinggo', '2022-10-21 12:45:19', '2022-10-21 12:45:19'),
(154, 11, 370, 'Probolinggo', '2022-10-21 12:45:19', '2022-10-21 12:45:19'),
(155, 11, 390, 'Sampang', '2022-10-21 12:45:19', '2022-10-21 12:45:19'),
(156, 11, 409, 'Sidoarjo', '2022-10-21 12:45:19', '2022-10-21 12:45:19'),
(157, 11, 418, 'Situbondo', '2022-10-21 12:45:19', '2022-10-21 12:45:19'),
(158, 11, 441, 'Sumenep', '2022-10-21 12:45:19', '2022-10-21 12:45:19'),
(159, 11, 444, 'Surabaya', '2022-10-21 12:45:19', '2022-10-21 12:45:19'),
(160, 11, 487, 'Trenggalek', '2022-10-21 12:45:19', '2022-10-21 12:45:19'),
(161, 11, 489, 'Tuban', '2022-10-21 12:45:19', '2022-10-21 12:45:19'),
(162, 11, 492, 'Tulungagung', '2022-10-21 12:45:19', '2022-10-21 12:45:19'),
(163, 12, 61, 'Bengkayang', '2022-10-21 12:45:21', '2022-10-21 12:45:21'),
(164, 12, 168, 'Kapuas Hulu', '2022-10-21 12:45:21', '2022-10-21 12:45:21'),
(165, 12, 176, 'Kayong Utara', '2022-10-21 12:45:21', '2022-10-21 12:45:21'),
(166, 12, 195, 'Ketapang', '2022-10-21 12:45:21', '2022-10-21 12:45:21'),
(167, 12, 208, 'Kubu Raya', '2022-10-21 12:45:21', '2022-10-21 12:45:21'),
(168, 12, 228, 'Landak', '2022-10-21 12:45:21', '2022-10-21 12:45:21'),
(169, 12, 279, 'Melawi', '2022-10-21 12:45:21', '2022-10-21 12:45:21'),
(170, 12, 364, 'Pontianak', '2022-10-21 12:45:21', '2022-10-21 12:45:21'),
(171, 12, 365, 'Pontianak', '2022-10-21 12:45:21', '2022-10-21 12:45:21'),
(172, 12, 388, 'Sambas', '2022-10-21 12:45:21', '2022-10-21 12:45:21'),
(173, 12, 391, 'Sanggau', '2022-10-21 12:45:21', '2022-10-21 12:45:21'),
(174, 12, 395, 'Sekadau', '2022-10-21 12:45:21', '2022-10-21 12:45:21'),
(175, 12, 415, 'Singkawang', '2022-10-21 12:45:21', '2022-10-21 12:45:21'),
(176, 12, 417, 'Sintang', '2022-10-21 12:45:21', '2022-10-21 12:45:21'),
(177, 13, 18, 'Balangan', '2022-10-21 12:45:22', '2022-10-21 12:45:22'),
(178, 13, 33, 'Banjar', '2022-10-21 12:45:22', '2022-10-21 12:45:22'),
(179, 13, 35, 'Banjarbaru', '2022-10-21 12:45:22', '2022-10-21 12:45:22'),
(180, 13, 36, 'Banjarmasin', '2022-10-21 12:45:22', '2022-10-21 12:45:22'),
(181, 13, 43, 'Barito Kuala', '2022-10-21 12:45:22', '2022-10-21 12:45:22'),
(182, 13, 143, 'Hulu Sungai Selatan', '2022-10-21 12:45:22', '2022-10-21 12:45:22'),
(183, 13, 144, 'Hulu Sungai Tengah', '2022-10-21 12:45:22', '2022-10-21 12:45:22'),
(184, 13, 145, 'Hulu Sungai Utara', '2022-10-21 12:45:22', '2022-10-21 12:45:22'),
(185, 13, 203, 'Kotabaru', '2022-10-21 12:45:22', '2022-10-21 12:45:22'),
(186, 13, 446, 'Tabalong', '2022-10-21 12:45:22', '2022-10-21 12:45:22'),
(187, 13, 452, 'Tanah Bumbu', '2022-10-21 12:45:22', '2022-10-21 12:45:22'),
(188, 13, 454, 'Tanah Laut', '2022-10-21 12:45:22', '2022-10-21 12:45:22'),
(189, 13, 466, 'Tapin', '2022-10-21 12:45:22', '2022-10-21 12:45:22'),
(190, 14, 44, 'Barito Selatan', '2022-10-21 12:45:24', '2022-10-21 12:45:24'),
(191, 14, 45, 'Barito Timur', '2022-10-21 12:45:24', '2022-10-21 12:45:24'),
(192, 14, 46, 'Barito Utara', '2022-10-21 12:45:24', '2022-10-21 12:45:24'),
(193, 14, 136, 'Gunung Mas', '2022-10-21 12:45:24', '2022-10-21 12:45:24'),
(194, 14, 167, 'Kapuas', '2022-10-21 12:45:24', '2022-10-21 12:45:24'),
(195, 14, 174, 'Katingan', '2022-10-21 12:45:24', '2022-10-21 12:45:24'),
(196, 14, 205, 'Kotawaringin Barat', '2022-10-21 12:45:24', '2022-10-21 12:45:24'),
(197, 14, 206, 'Kotawaringin Timur', '2022-10-21 12:45:24', '2022-10-21 12:45:24'),
(198, 14, 221, 'Lamandau', '2022-10-21 12:45:24', '2022-10-21 12:45:24'),
(199, 14, 296, 'Murung Raya', '2022-10-21 12:45:24', '2022-10-21 12:45:24'),
(200, 14, 326, 'Palangka Raya', '2022-10-21 12:45:24', '2022-10-21 12:45:24'),
(201, 14, 371, 'Pulang Pisau', '2022-10-21 12:45:24', '2022-10-21 12:45:24'),
(202, 14, 405, 'Seruyan', '2022-10-21 12:45:24', '2022-10-21 12:45:24'),
(203, 14, 432, 'Sukamara', '2022-10-21 12:45:24', '2022-10-21 12:45:24'),
(204, 15, 19, 'Balikpapan', '2022-10-21 12:45:25', '2022-10-21 12:45:25'),
(205, 15, 66, 'Berau', '2022-10-21 12:45:25', '2022-10-21 12:45:25'),
(206, 15, 89, 'Bontang', '2022-10-21 12:45:25', '2022-10-21 12:45:25'),
(207, 15, 214, 'Kutai Barat', '2022-10-21 12:45:25', '2022-10-21 12:45:25'),
(208, 15, 215, 'Kutai Kartanegara', '2022-10-21 12:45:25', '2022-10-21 12:45:25'),
(209, 15, 216, 'Kutai Timur', '2022-10-21 12:45:25', '2022-10-21 12:45:25'),
(210, 15, 341, 'Paser', '2022-10-21 12:45:25', '2022-10-21 12:45:25'),
(211, 15, 354, 'Penajam Paser Utara', '2022-10-21 12:45:25', '2022-10-21 12:45:25'),
(212, 15, 387, 'Samarinda', '2022-10-21 12:45:25', '2022-10-21 12:45:25'),
(213, 16, 96, 'Bulungan (Bulongan)', '2022-10-21 12:45:27', '2022-10-21 12:45:27'),
(214, 16, 257, 'Malinau', '2022-10-21 12:45:27', '2022-10-21 12:45:27'),
(215, 16, 311, 'Nunukan', '2022-10-21 12:45:27', '2022-10-21 12:45:27'),
(216, 16, 450, 'Tana Tidung', '2022-10-21 12:45:27', '2022-10-21 12:45:27'),
(217, 16, 467, 'Tarakan', '2022-10-21 12:45:27', '2022-10-21 12:45:27'),
(218, 17, 48, 'Batam', '2022-10-21 12:45:28', '2022-10-21 12:45:28'),
(219, 17, 71, 'Bintan', '2022-10-21 12:45:28', '2022-10-21 12:45:28'),
(220, 17, 172, 'Karimun', '2022-10-21 12:45:28', '2022-10-21 12:45:28'),
(221, 17, 184, 'Kepulauan Anambas', '2022-10-21 12:45:28', '2022-10-21 12:45:28'),
(222, 17, 237, 'Lingga', '2022-10-21 12:45:28', '2022-10-21 12:45:28'),
(223, 17, 302, 'Natuna', '2022-10-21 12:45:28', '2022-10-21 12:45:28'),
(224, 17, 462, 'Tanjung Pinang', '2022-10-21 12:45:28', '2022-10-21 12:45:28'),
(225, 18, 21, 'Bandar Lampung', '2022-10-21 12:45:30', '2022-10-21 12:45:30'),
(226, 18, 223, 'Lampung Barat', '2022-10-21 12:45:30', '2022-10-21 12:45:30'),
(227, 18, 224, 'Lampung Selatan', '2022-10-21 12:45:30', '2022-10-21 12:45:30'),
(228, 18, 225, 'Lampung Tengah', '2022-10-21 12:45:30', '2022-10-21 12:45:30'),
(229, 18, 226, 'Lampung Timur', '2022-10-21 12:45:30', '2022-10-21 12:45:30'),
(230, 18, 227, 'Lampung Utara', '2022-10-21 12:45:30', '2022-10-21 12:45:30'),
(231, 18, 282, 'Mesuji', '2022-10-21 12:45:30', '2022-10-21 12:45:30'),
(232, 18, 283, 'Metro', '2022-10-21 12:45:30', '2022-10-21 12:45:30'),
(233, 18, 355, 'Pesawaran', '2022-10-21 12:45:30', '2022-10-21 12:45:30'),
(234, 18, 356, 'Pesisir Barat', '2022-10-21 12:45:30', '2022-10-21 12:45:30'),
(235, 18, 368, 'Pringsewu', '2022-10-21 12:45:30', '2022-10-21 12:45:30'),
(236, 18, 458, 'Tanggamus', '2022-10-21 12:45:30', '2022-10-21 12:45:30'),
(237, 18, 490, 'Tulang Bawang', '2022-10-21 12:45:30', '2022-10-21 12:45:30'),
(238, 18, 491, 'Tulang Bawang Barat', '2022-10-21 12:45:30', '2022-10-21 12:45:30'),
(239, 18, 496, 'Way Kanan', '2022-10-21 12:45:30', '2022-10-21 12:45:30'),
(240, 19, 14, 'Ambon', '2022-10-21 12:45:31', '2022-10-21 12:45:31'),
(241, 19, 99, 'Buru', '2022-10-21 12:45:31', '2022-10-21 12:45:31'),
(242, 19, 100, 'Buru Selatan', '2022-10-21 12:45:31', '2022-10-21 12:45:31'),
(243, 19, 185, 'Kepulauan Aru', '2022-10-21 12:45:31', '2022-10-21 12:45:31'),
(244, 19, 258, 'Maluku Barat Daya', '2022-10-21 12:45:31', '2022-10-21 12:45:31'),
(245, 19, 259, 'Maluku Tengah', '2022-10-21 12:45:31', '2022-10-21 12:45:31'),
(246, 19, 260, 'Maluku Tenggara', '2022-10-21 12:45:31', '2022-10-21 12:45:31'),
(247, 19, 261, 'Maluku Tenggara Barat', '2022-10-21 12:45:31', '2022-10-21 12:45:31'),
(248, 19, 400, 'Seram Bagian Barat', '2022-10-21 12:45:31', '2022-10-21 12:45:31'),
(249, 19, 401, 'Seram Bagian Timur', '2022-10-21 12:45:31', '2022-10-21 12:45:31'),
(250, 19, 488, 'Tual', '2022-10-21 12:45:31', '2022-10-21 12:45:31'),
(251, 20, 138, 'Halmahera Barat', '2022-10-21 12:45:33', '2022-10-21 12:45:33'),
(252, 20, 139, 'Halmahera Selatan', '2022-10-21 12:45:33', '2022-10-21 12:45:33'),
(253, 20, 140, 'Halmahera Tengah', '2022-10-21 12:45:33', '2022-10-21 12:45:33'),
(254, 20, 141, 'Halmahera Timur', '2022-10-21 12:45:33', '2022-10-21 12:45:33'),
(255, 20, 142, 'Halmahera Utara', '2022-10-21 12:45:33', '2022-10-21 12:45:33'),
(256, 20, 191, 'Kepulauan Sula', '2022-10-21 12:45:33', '2022-10-21 12:45:33'),
(257, 20, 372, 'Pulau Morotai', '2022-10-21 12:45:33', '2022-10-21 12:45:33'),
(258, 20, 477, 'Ternate', '2022-10-21 12:45:33', '2022-10-21 12:45:33'),
(259, 20, 478, 'Tidore Kepulauan', '2022-10-21 12:45:33', '2022-10-21 12:45:33'),
(260, 21, 1, 'Aceh Barat', '2022-10-21 12:45:34', '2022-10-21 12:45:34'),
(261, 21, 2, 'Aceh Barat Daya', '2022-10-21 12:45:34', '2022-10-21 12:45:34'),
(262, 21, 3, 'Aceh Besar', '2022-10-21 12:45:34', '2022-10-21 12:45:34'),
(263, 21, 4, 'Aceh Jaya', '2022-10-21 12:45:34', '2022-10-21 12:45:34'),
(264, 21, 5, 'Aceh Selatan', '2022-10-21 12:45:34', '2022-10-21 12:45:34'),
(265, 21, 6, 'Aceh Singkil', '2022-10-21 12:45:34', '2022-10-21 12:45:34'),
(266, 21, 7, 'Aceh Tamiang', '2022-10-21 12:45:34', '2022-10-21 12:45:34'),
(267, 21, 8, 'Aceh Tengah', '2022-10-21 12:45:34', '2022-10-21 12:45:34'),
(268, 21, 9, 'Aceh Tenggara', '2022-10-21 12:45:34', '2022-10-21 12:45:34'),
(269, 21, 10, 'Aceh Timur', '2022-10-21 12:45:34', '2022-10-21 12:45:34'),
(270, 21, 11, 'Aceh Utara', '2022-10-21 12:45:34', '2022-10-21 12:45:34'),
(271, 21, 20, 'Banda Aceh', '2022-10-21 12:45:34', '2022-10-21 12:45:34'),
(272, 21, 59, 'Bener Meriah', '2022-10-21 12:45:34', '2022-10-21 12:45:34'),
(273, 21, 72, 'Bireuen', '2022-10-21 12:45:34', '2022-10-21 12:45:34'),
(274, 21, 127, 'Gayo Lues', '2022-10-21 12:45:34', '2022-10-21 12:45:34'),
(275, 21, 230, 'Langsa', '2022-10-21 12:45:34', '2022-10-21 12:45:34'),
(276, 21, 235, 'Lhokseumawe', '2022-10-21 12:45:34', '2022-10-21 12:45:34'),
(277, 21, 300, 'Nagan Raya', '2022-10-21 12:45:34', '2022-10-21 12:45:34'),
(278, 21, 358, 'Pidie', '2022-10-21 12:45:34', '2022-10-21 12:45:34'),
(279, 21, 359, 'Pidie Jaya', '2022-10-21 12:45:34', '2022-10-21 12:45:34'),
(280, 21, 384, 'Sabang', '2022-10-21 12:45:34', '2022-10-21 12:45:34'),
(281, 21, 414, 'Simeulue', '2022-10-21 12:45:34', '2022-10-21 12:45:34'),
(282, 21, 429, 'Subulussalam', '2022-10-21 12:45:34', '2022-10-21 12:45:34'),
(283, 22, 68, 'Bima', '2022-10-21 12:45:36', '2022-10-21 12:45:36'),
(284, 22, 69, 'Bima', '2022-10-21 12:45:36', '2022-10-21 12:45:36'),
(285, 22, 118, 'Dompu', '2022-10-21 12:45:36', '2022-10-21 12:45:36'),
(286, 22, 238, 'Lombok Barat', '2022-10-21 12:45:36', '2022-10-21 12:45:36'),
(287, 22, 239, 'Lombok Tengah', '2022-10-21 12:45:36', '2022-10-21 12:45:36'),
(288, 22, 240, 'Lombok Timur', '2022-10-21 12:45:36', '2022-10-21 12:45:36'),
(289, 22, 241, 'Lombok Utara', '2022-10-21 12:45:36', '2022-10-21 12:45:36'),
(290, 22, 276, 'Mataram', '2022-10-21 12:45:36', '2022-10-21 12:45:36'),
(291, 22, 438, 'Sumbawa', '2022-10-21 12:45:36', '2022-10-21 12:45:36'),
(292, 22, 439, 'Sumbawa Barat', '2022-10-21 12:45:36', '2022-10-21 12:45:36'),
(293, 23, 13, 'Alor', '2022-10-21 12:45:37', '2022-10-21 12:45:37'),
(294, 23, 58, 'Belu', '2022-10-21 12:45:37', '2022-10-21 12:45:37'),
(295, 23, 122, 'Ende', '2022-10-21 12:45:37', '2022-10-21 12:45:37'),
(296, 23, 125, 'Flores Timur', '2022-10-21 12:45:37', '2022-10-21 12:45:37'),
(297, 23, 212, 'Kupang', '2022-10-21 12:45:37', '2022-10-21 12:45:37'),
(298, 23, 213, 'Kupang', '2022-10-21 12:45:37', '2022-10-21 12:45:37'),
(299, 23, 234, 'Lembata', '2022-10-21 12:45:37', '2022-10-21 12:45:37'),
(300, 23, 269, 'Manggarai', '2022-10-21 12:45:37', '2022-10-21 12:45:37'),
(301, 23, 270, 'Manggarai Barat', '2022-10-21 12:45:37', '2022-10-21 12:45:37'),
(302, 23, 271, 'Manggarai Timur', '2022-10-21 12:45:37', '2022-10-21 12:45:37'),
(303, 23, 301, 'Nagekeo', '2022-10-21 12:45:37', '2022-10-21 12:45:37'),
(304, 23, 304, 'Ngada', '2022-10-21 12:45:37', '2022-10-21 12:45:37'),
(305, 23, 383, 'Rote Ndao', '2022-10-21 12:45:37', '2022-10-21 12:45:37'),
(306, 23, 385, 'Sabu Raijua', '2022-10-21 12:45:37', '2022-10-21 12:45:37'),
(307, 23, 412, 'Sikka', '2022-10-21 12:45:37', '2022-10-21 12:45:37'),
(308, 23, 434, 'Sumba Barat', '2022-10-21 12:45:37', '2022-10-21 12:45:37'),
(309, 23, 435, 'Sumba Barat Daya', '2022-10-21 12:45:37', '2022-10-21 12:45:37'),
(310, 23, 436, 'Sumba Tengah', '2022-10-21 12:45:37', '2022-10-21 12:45:37'),
(311, 23, 437, 'Sumba Timur', '2022-10-21 12:45:37', '2022-10-21 12:45:37'),
(312, 23, 479, 'Timor Tengah Selatan', '2022-10-21 12:45:37', '2022-10-21 12:45:37'),
(313, 23, 480, 'Timor Tengah Utara', '2022-10-21 12:45:37', '2022-10-21 12:45:37'),
(314, 24, 16, 'Asmat', '2022-10-21 12:45:38', '2022-10-21 12:45:38'),
(315, 24, 67, 'Biak Numfor', '2022-10-21 12:45:38', '2022-10-21 12:45:38'),
(316, 24, 90, 'Boven Digoel', '2022-10-21 12:45:38', '2022-10-21 12:45:38'),
(317, 24, 111, 'Deiyai (Deliyai)', '2022-10-21 12:45:38', '2022-10-21 12:45:38'),
(318, 24, 117, 'Dogiyai', '2022-10-21 12:45:38', '2022-10-21 12:45:38'),
(319, 24, 150, 'Intan Jaya', '2022-10-21 12:45:38', '2022-10-21 12:45:38'),
(320, 24, 157, 'Jayapura', '2022-10-21 12:45:38', '2022-10-21 12:45:38'),
(321, 24, 158, 'Jayapura', '2022-10-21 12:45:38', '2022-10-21 12:45:38'),
(322, 24, 159, 'Jayawijaya', '2022-10-21 12:45:38', '2022-10-21 12:45:38'),
(323, 24, 180, 'Keerom', '2022-10-21 12:45:38', '2022-10-21 12:45:38'),
(324, 24, 193, 'Kepulauan Yapen (Yapen Waropen)', '2022-10-21 12:45:38', '2022-10-21 12:45:38'),
(325, 24, 231, 'Lanny Jaya', '2022-10-21 12:45:38', '2022-10-21 12:45:38'),
(326, 24, 263, 'Mamberamo Raya', '2022-10-21 12:45:38', '2022-10-21 12:45:38'),
(327, 24, 264, 'Mamberamo Tengah', '2022-10-21 12:45:38', '2022-10-21 12:45:38'),
(328, 24, 274, 'Mappi', '2022-10-21 12:45:38', '2022-10-21 12:45:38'),
(329, 24, 281, 'Merauke', '2022-10-21 12:45:38', '2022-10-21 12:45:38'),
(330, 24, 284, 'Mimika', '2022-10-21 12:45:38', '2022-10-21 12:45:38'),
(331, 24, 299, 'Nabire', '2022-10-21 12:45:38', '2022-10-21 12:45:38'),
(332, 24, 303, 'Nduga', '2022-10-21 12:45:38', '2022-10-21 12:45:38'),
(333, 24, 335, 'Paniai', '2022-10-21 12:45:38', '2022-10-21 12:45:38'),
(334, 24, 347, 'Pegunungan Bintang', '2022-10-21 12:45:38', '2022-10-21 12:45:38'),
(335, 24, 373, 'Puncak', '2022-10-21 12:45:38', '2022-10-21 12:45:38'),
(336, 24, 374, 'Puncak Jaya', '2022-10-21 12:45:38', '2022-10-21 12:45:38'),
(337, 24, 392, 'Sarmi', '2022-10-21 12:45:38', '2022-10-21 12:45:38'),
(338, 24, 443, 'Supiori', '2022-10-21 12:45:38', '2022-10-21 12:45:38'),
(339, 24, 484, 'Tolikara', '2022-10-21 12:45:38', '2022-10-21 12:45:38'),
(340, 24, 495, 'Waropen', '2022-10-21 12:45:38', '2022-10-21 12:45:38'),
(341, 24, 499, 'Yahukimo', '2022-10-21 12:45:38', '2022-10-21 12:45:38'),
(342, 24, 500, 'Yalimo', '2022-10-21 12:45:38', '2022-10-21 12:45:38'),
(343, 25, 124, 'Fakfak', '2022-10-21 12:45:40', '2022-10-21 12:45:40'),
(344, 25, 165, 'Kaimana', '2022-10-21 12:45:40', '2022-10-21 12:45:40'),
(345, 25, 272, 'Manokwari', '2022-10-21 12:45:40', '2022-10-21 12:45:40'),
(346, 25, 273, 'Manokwari Selatan', '2022-10-21 12:45:40', '2022-10-21 12:45:40'),
(347, 25, 277, 'Maybrat', '2022-10-21 12:45:40', '2022-10-21 12:45:40'),
(348, 25, 346, 'Pegunungan Arfak', '2022-10-21 12:45:40', '2022-10-21 12:45:40'),
(349, 25, 378, 'Raja Ampat', '2022-10-21 12:45:40', '2022-10-21 12:45:40'),
(350, 25, 424, 'Sorong', '2022-10-21 12:45:40', '2022-10-21 12:45:40'),
(351, 25, 425, 'Sorong', '2022-10-21 12:45:40', '2022-10-21 12:45:40'),
(352, 25, 426, 'Sorong Selatan', '2022-10-21 12:45:40', '2022-10-21 12:45:40'),
(353, 25, 449, 'Tambrauw', '2022-10-21 12:45:40', '2022-10-21 12:45:40'),
(354, 25, 474, 'Teluk Bintuni', '2022-10-21 12:45:40', '2022-10-21 12:45:40'),
(355, 25, 475, 'Teluk Wondama', '2022-10-21 12:45:40', '2022-10-21 12:45:40'),
(356, 26, 60, 'Bengkalis', '2022-10-21 12:45:42', '2022-10-21 12:45:42'),
(357, 26, 120, 'Dumai', '2022-10-21 12:45:42', '2022-10-21 12:45:42'),
(358, 26, 147, 'Indragiri Hilir', '2022-10-21 12:45:42', '2022-10-21 12:45:42'),
(359, 26, 148, 'Indragiri Hulu', '2022-10-21 12:45:42', '2022-10-21 12:45:42'),
(360, 26, 166, 'Kampar', '2022-10-21 12:45:42', '2022-10-21 12:45:42'),
(361, 26, 187, 'Kepulauan Meranti', '2022-10-21 12:45:42', '2022-10-21 12:45:42'),
(362, 26, 207, 'Kuantan Singingi', '2022-10-21 12:45:42', '2022-10-21 12:45:42'),
(363, 26, 350, 'Pekanbaru', '2022-10-21 12:45:42', '2022-10-21 12:45:42'),
(364, 26, 351, 'Pelalawan', '2022-10-21 12:45:42', '2022-10-21 12:45:42'),
(365, 26, 381, 'Rokan Hilir', '2022-10-21 12:45:42', '2022-10-21 12:45:42'),
(366, 26, 382, 'Rokan Hulu', '2022-10-21 12:45:42', '2022-10-21 12:45:42'),
(367, 26, 406, 'Siak', '2022-10-21 12:45:42', '2022-10-21 12:45:42'),
(368, 27, 253, 'Majene', '2022-10-21 12:45:43', '2022-10-21 12:45:43'),
(369, 27, 262, 'Mamasa', '2022-10-21 12:45:43', '2022-10-21 12:45:43'),
(370, 27, 265, 'Mamuju', '2022-10-21 12:45:43', '2022-10-21 12:45:43'),
(371, 27, 266, 'Mamuju Utara', '2022-10-21 12:45:43', '2022-10-21 12:45:43'),
(372, 27, 362, 'Polewali Mandar', '2022-10-21 12:45:43', '2022-10-21 12:45:43'),
(373, 28, 38, 'Bantaeng', '2022-10-21 12:45:44', '2022-10-21 12:45:44'),
(374, 28, 47, 'Barru', '2022-10-21 12:45:44', '2022-10-21 12:45:44'),
(375, 28, 87, 'Bone', '2022-10-21 12:45:44', '2022-10-21 12:45:44'),
(376, 28, 95, 'Bulukumba', '2022-10-21 12:45:44', '2022-10-21 12:45:44'),
(377, 28, 123, 'Enrekang', '2022-10-21 12:45:44', '2022-10-21 12:45:44'),
(378, 28, 132, 'Gowa', '2022-10-21 12:45:44', '2022-10-21 12:45:44'),
(379, 28, 162, 'Jeneponto', '2022-10-21 12:45:44', '2022-10-21 12:45:44'),
(380, 28, 244, 'Luwu', '2022-10-21 12:45:44', '2022-10-21 12:45:44'),
(381, 28, 245, 'Luwu Timur', '2022-10-21 12:45:44', '2022-10-21 12:45:44'),
(382, 28, 246, 'Luwu Utara', '2022-10-21 12:45:44', '2022-10-21 12:45:44'),
(383, 28, 254, 'Makassar', '2022-10-21 12:45:44', '2022-10-21 12:45:44'),
(384, 28, 275, 'Maros', '2022-10-21 12:45:44', '2022-10-21 12:45:44'),
(385, 28, 328, 'Palopo', '2022-10-21 12:45:44', '2022-10-21 12:45:44'),
(386, 28, 333, 'Pangkajene Kepulauan', '2022-10-21 12:45:44', '2022-10-21 12:45:44'),
(387, 28, 336, 'Parepare', '2022-10-21 12:45:44', '2022-10-21 12:45:44'),
(388, 28, 360, 'Pinrang', '2022-10-21 12:45:44', '2022-10-21 12:45:44'),
(389, 28, 396, 'Selayar (Kepulauan Selayar)', '2022-10-21 12:45:44', '2022-10-21 12:45:44'),
(390, 28, 408, 'Sidenreng Rappang/Rapang', '2022-10-21 12:45:44', '2022-10-21 12:45:44'),
(391, 28, 416, 'Sinjai', '2022-10-21 12:45:44', '2022-10-21 12:45:44'),
(392, 28, 423, 'Soppeng', '2022-10-21 12:45:44', '2022-10-21 12:45:44'),
(393, 28, 448, 'Takalar', '2022-10-21 12:45:44', '2022-10-21 12:45:44'),
(394, 28, 451, 'Tana Toraja', '2022-10-21 12:45:44', '2022-10-21 12:45:44'),
(395, 28, 486, 'Toraja Utara', '2022-10-21 12:45:44', '2022-10-21 12:45:44'),
(396, 28, 493, 'Wajo', '2022-10-21 12:45:44', '2022-10-21 12:45:44'),
(397, 29, 25, 'Banggai', '2022-10-21 12:45:45', '2022-10-21 12:45:45'),
(398, 29, 26, 'Banggai Kepulauan', '2022-10-21 12:45:45', '2022-10-21 12:45:45'),
(399, 29, 98, 'Buol', '2022-10-21 12:45:45', '2022-10-21 12:45:45'),
(400, 29, 119, 'Donggala', '2022-10-21 12:45:45', '2022-10-21 12:45:45'),
(401, 29, 291, 'Morowali', '2022-10-21 12:45:45', '2022-10-21 12:45:45'),
(402, 29, 329, 'Palu', '2022-10-21 12:45:45', '2022-10-21 12:45:45'),
(403, 29, 338, 'Parigi Moutong', '2022-10-21 12:45:45', '2022-10-21 12:45:45'),
(404, 29, 366, 'Poso', '2022-10-21 12:45:45', '2022-10-21 12:45:45'),
(405, 29, 410, 'Sigi', '2022-10-21 12:45:45', '2022-10-21 12:45:45'),
(406, 29, 482, 'Tojo Una-Una', '2022-10-21 12:45:45', '2022-10-21 12:45:45'),
(407, 29, 483, 'Toli-Toli', '2022-10-21 12:45:45', '2022-10-21 12:45:45'),
(408, 30, 53, 'Bau-Bau', '2022-10-21 12:45:47', '2022-10-21 12:45:47'),
(409, 30, 85, 'Bombana', '2022-10-21 12:45:47', '2022-10-21 12:45:47'),
(410, 30, 101, 'Buton', '2022-10-21 12:45:47', '2022-10-21 12:45:47'),
(411, 30, 102, 'Buton Utara', '2022-10-21 12:45:47', '2022-10-21 12:45:47'),
(412, 30, 182, 'Kendari', '2022-10-21 12:45:47', '2022-10-21 12:45:47'),
(413, 30, 198, 'Kolaka', '2022-10-21 12:45:47', '2022-10-21 12:45:47'),
(414, 30, 199, 'Kolaka Utara', '2022-10-21 12:45:47', '2022-10-21 12:45:47'),
(415, 30, 200, 'Konawe', '2022-10-21 12:45:47', '2022-10-21 12:45:47'),
(416, 30, 201, 'Konawe Selatan', '2022-10-21 12:45:47', '2022-10-21 12:45:47'),
(417, 30, 202, 'Konawe Utara', '2022-10-21 12:45:47', '2022-10-21 12:45:47'),
(418, 30, 295, 'Muna', '2022-10-21 12:45:47', '2022-10-21 12:45:47'),
(419, 30, 494, 'Wakatobi', '2022-10-21 12:45:47', '2022-10-21 12:45:47'),
(420, 31, 73, 'Bitung', '2022-10-21 12:45:48', '2022-10-21 12:45:48'),
(421, 31, 81, 'Bolaang Mongondow (Bolmong)', '2022-10-21 12:45:48', '2022-10-21 12:45:48'),
(422, 31, 82, 'Bolaang Mongondow Selatan', '2022-10-21 12:45:48', '2022-10-21 12:45:48'),
(423, 31, 83, 'Bolaang Mongondow Timur', '2022-10-21 12:45:48', '2022-10-21 12:45:48'),
(424, 31, 84, 'Bolaang Mongondow Utara', '2022-10-21 12:45:48', '2022-10-21 12:45:48'),
(425, 31, 188, 'Kepulauan Sangihe', '2022-10-21 12:45:48', '2022-10-21 12:45:48'),
(426, 31, 190, 'Kepulauan Siau Tagulandang Biaro (Sitaro)', '2022-10-21 12:45:48', '2022-10-21 12:45:48'),
(427, 31, 192, 'Kepulauan Talaud', '2022-10-21 12:45:48', '2022-10-21 12:45:48'),
(428, 31, 204, 'Kotamobagu', '2022-10-21 12:45:48', '2022-10-21 12:45:48'),
(429, 31, 267, 'Manado', '2022-10-21 12:45:48', '2022-10-21 12:45:48'),
(430, 31, 285, 'Minahasa', '2022-10-21 12:45:48', '2022-10-21 12:45:48'),
(431, 31, 286, 'Minahasa Selatan', '2022-10-21 12:45:48', '2022-10-21 12:45:48'),
(432, 31, 287, 'Minahasa Tenggara', '2022-10-21 12:45:48', '2022-10-21 12:45:48'),
(433, 31, 288, 'Minahasa Utara', '2022-10-21 12:45:48', '2022-10-21 12:45:48'),
(434, 31, 485, 'Tomohon', '2022-10-21 12:45:48', '2022-10-21 12:45:48'),
(435, 32, 12, 'Agam', '2022-10-21 12:45:50', '2022-10-21 12:45:50'),
(436, 32, 93, 'Bukittinggi', '2022-10-21 12:45:50', '2022-10-21 12:45:50'),
(437, 32, 116, 'Dharmasraya', '2022-10-21 12:45:50', '2022-10-21 12:45:50'),
(438, 32, 186, 'Kepulauan Mentawai', '2022-10-21 12:45:50', '2022-10-21 12:45:50'),
(439, 32, 236, 'Lima Puluh Koto/Kota', '2022-10-21 12:45:50', '2022-10-21 12:45:50'),
(440, 32, 318, 'Padang', '2022-10-21 12:45:50', '2022-10-21 12:45:50'),
(441, 32, 321, 'Padang Panjang', '2022-10-21 12:45:50', '2022-10-21 12:45:50'),
(442, 32, 322, 'Padang Pariaman', '2022-10-21 12:45:50', '2022-10-21 12:45:50'),
(443, 32, 337, 'Pariaman', '2022-10-21 12:45:50', '2022-10-21 12:45:50'),
(444, 32, 339, 'Pasaman', '2022-10-21 12:45:50', '2022-10-21 12:45:50'),
(445, 32, 340, 'Pasaman Barat', '2022-10-21 12:45:50', '2022-10-21 12:45:50'),
(446, 32, 345, 'Payakumbuh', '2022-10-21 12:45:50', '2022-10-21 12:45:50'),
(447, 32, 357, 'Pesisir Selatan', '2022-10-21 12:45:50', '2022-10-21 12:45:50'),
(448, 32, 394, 'Sawah Lunto', '2022-10-21 12:45:50', '2022-10-21 12:45:50'),
(449, 32, 411, 'Sijunjung (Sawah Lunto Sijunjung)', '2022-10-21 12:45:50', '2022-10-21 12:45:50'),
(450, 32, 420, 'Solok', '2022-10-21 12:45:50', '2022-10-21 12:45:50'),
(451, 32, 421, 'Solok', '2022-10-21 12:45:50', '2022-10-21 12:45:50'),
(452, 32, 422, 'Solok Selatan', '2022-10-21 12:45:50', '2022-10-21 12:45:50'),
(453, 32, 453, 'Tanah Datar', '2022-10-21 12:45:50', '2022-10-21 12:45:50'),
(454, 33, 40, 'Banyuasin', '2022-10-21 12:45:51', '2022-10-21 12:45:51'),
(455, 33, 121, 'Empat Lawang', '2022-10-21 12:45:51', '2022-10-21 12:45:51'),
(456, 33, 220, 'Lahat', '2022-10-21 12:45:51', '2022-10-21 12:45:51'),
(457, 33, 242, 'Lubuk Linggau', '2022-10-21 12:45:51', '2022-10-21 12:45:51'),
(458, 33, 292, 'Muara Enim', '2022-10-21 12:45:51', '2022-10-21 12:45:51'),
(459, 33, 297, 'Musi Banyuasin', '2022-10-21 12:45:51', '2022-10-21 12:45:51'),
(460, 33, 298, 'Musi Rawas', '2022-10-21 12:45:51', '2022-10-21 12:45:51'),
(461, 33, 312, 'Ogan Ilir', '2022-10-21 12:45:51', '2022-10-21 12:45:51'),
(462, 33, 313, 'Ogan Komering Ilir', '2022-10-21 12:45:51', '2022-10-21 12:45:51'),
(463, 33, 314, 'Ogan Komering Ulu', '2022-10-21 12:45:51', '2022-10-21 12:45:51'),
(464, 33, 315, 'Ogan Komering Ulu Selatan', '2022-10-21 12:45:51', '2022-10-21 12:45:51'),
(465, 33, 316, 'Ogan Komering Ulu Timur', '2022-10-21 12:45:51', '2022-10-21 12:45:51'),
(466, 33, 324, 'Pagar Alam', '2022-10-21 12:45:51', '2022-10-21 12:45:51'),
(467, 33, 327, 'Palembang', '2022-10-21 12:45:51', '2022-10-21 12:45:51'),
(468, 33, 367, 'Prabumulih', '2022-10-21 12:45:51', '2022-10-21 12:45:51'),
(469, 34, 15, 'Asahan', '2022-10-21 12:45:53', '2022-10-21 12:45:53'),
(470, 34, 52, 'Batu Bara', '2022-10-21 12:45:53', '2022-10-21 12:45:53'),
(471, 34, 70, 'Binjai', '2022-10-21 12:45:53', '2022-10-21 12:45:53'),
(472, 34, 110, 'Dairi', '2022-10-21 12:45:53', '2022-10-21 12:45:53'),
(473, 34, 112, 'Deli Serdang', '2022-10-21 12:45:53', '2022-10-21 12:45:53'),
(474, 34, 137, 'Gunungsitoli', '2022-10-21 12:45:53', '2022-10-21 12:45:53'),
(475, 34, 146, 'Humbang Hasundutan', '2022-10-21 12:45:53', '2022-10-21 12:45:53'),
(476, 34, 173, 'Karo', '2022-10-21 12:45:53', '2022-10-21 12:45:53'),
(477, 34, 217, 'Labuhan Batu', '2022-10-21 12:45:53', '2022-10-21 12:45:53'),
(478, 34, 218, 'Labuhan Batu Selatan', '2022-10-21 12:45:53', '2022-10-21 12:45:53'),
(479, 34, 219, 'Labuhan Batu Utara', '2022-10-21 12:45:53', '2022-10-21 12:45:53'),
(480, 34, 229, 'Langkat', '2022-10-21 12:45:53', '2022-10-21 12:45:53'),
(481, 34, 268, 'Mandailing Natal', '2022-10-21 12:45:53', '2022-10-21 12:45:53'),
(482, 34, 278, 'Medan', '2022-10-21 12:45:53', '2022-10-21 12:45:53'),
(483, 34, 307, 'Nias', '2022-10-21 12:45:53', '2022-10-21 12:45:53'),
(484, 34, 308, 'Nias Barat', '2022-10-21 12:45:53', '2022-10-21 12:45:53'),
(485, 34, 309, 'Nias Selatan', '2022-10-21 12:45:53', '2022-10-21 12:45:53'),
(486, 34, 310, 'Nias Utara', '2022-10-21 12:45:53', '2022-10-21 12:45:53'),
(487, 34, 319, 'Padang Lawas', '2022-10-21 12:45:53', '2022-10-21 12:45:53'),
(488, 34, 320, 'Padang Lawas Utara', '2022-10-21 12:45:53', '2022-10-21 12:45:53'),
(489, 34, 323, 'Padang Sidempuan', '2022-10-21 12:45:53', '2022-10-21 12:45:53'),
(490, 34, 325, 'Pakpak Bharat', '2022-10-21 12:45:53', '2022-10-21 12:45:53'),
(491, 34, 353, 'Pematang Siantar', '2022-10-21 12:45:53', '2022-10-21 12:45:53'),
(492, 34, 389, 'Samosir', '2022-10-21 12:45:53', '2022-10-21 12:45:53'),
(493, 34, 404, 'Serdang Bedagai', '2022-10-21 12:45:53', '2022-10-21 12:45:53'),
(494, 34, 407, 'Sibolga', '2022-10-21 12:45:53', '2022-10-21 12:45:53'),
(495, 34, 413, 'Simalungun', '2022-10-21 12:45:53', '2022-10-21 12:45:53'),
(496, 34, 459, 'Tanjung Balai', '2022-10-21 12:45:53', '2022-10-21 12:45:53'),
(497, 34, 463, 'Tapanuli Selatan', '2022-10-21 12:45:53', '2022-10-21 12:45:53'),
(498, 34, 464, 'Tapanuli Tengah', '2022-10-21 12:45:53', '2022-10-21 12:45:53'),
(499, 34, 465, 'Tapanuli Utara', '2022-10-21 12:45:53', '2022-10-21 12:45:53'),
(500, 34, 470, 'Tebing Tinggi', '2022-10-21 12:45:53', '2022-10-21 12:45:53'),
(501, 34, 481, 'Toba Samosir', '2022-10-21 12:45:53', '2022-10-21 12:45:53');

-- --------------------------------------------------------

--
-- Table structure for table `couriers`
--

CREATE TABLE `couriers` (
  `id` bigint(20) UNSIGNED NOT NULL,
  `code` varchar(255) COLLATE utf8mb4_unicode_ci NOT NULL,
  `title` varchar(255) COLLATE utf8mb4_unicode_ci NOT NULL,
  `created_at` timestamp NULL DEFAULT NULL,
  `updated_at` timestamp NULL DEFAULT NULL
) ENGINE=InnoDB DEFAULT CHARSET=utf8mb4 COLLATE=utf8mb4_unicode_ci;

--
-- Dumping data for table `couriers`
--

INSERT INTO `couriers` (`id`, `code`, `title`, `created_at`, `updated_at`) VALUES
(1, 'jne', 'JNE', NULL, NULL),
(2, 'pos', 'POS', NULL, NULL),
(3, 'tiki', 'TIKI', NULL, NULL);

-- --------------------------------------------------------

--
-- Table structure for table `detail_order`
--

CREATE TABLE `detail_order` (
  `id` bigint(20) UNSIGNED NOT NULL,
  `order_id` bigint(20) UNSIGNED NOT NULL,
  `product_id` bigint(20) UNSIGNED NOT NULL,
  `qty` int(11) NOT NULL,
  `created_at` timestamp NULL DEFAULT NULL,
  `updated_at` timestamp NULL DEFAULT NULL
) ENGINE=InnoDB DEFAULT CHARSET=utf8mb4 COLLATE=utf8mb4_unicode_ci;

--
-- Dumping data for table `detail_order`
--

INSERT INTO `detail_order` (`id`, `order_id`, `product_id`, `qty`, `created_at`, `updated_at`) VALUES
(1, 1, 1, 1, '2022-10-21 18:56:29', '2022-10-21 18:56:29'),
(2, 2, 1, 3, '2022-10-23 07:17:24', '2022-10-23 07:17:24'),
(3, 3, 1, 1, '2022-10-24 18:40:18', '2022-10-24 18:40:18'),
(4, 4, 1, 1, '2022-10-24 18:43:03', '2022-10-24 18:43:03'),
(5, 5, 1, 1, '2022-10-24 18:47:37', '2022-10-24 18:47:37'),
(6, 6, 1, 2, '2022-10-25 00:30:26', '2022-10-25 00:30:26'),
(7, 6, 2, 2, '2022-10-25 00:30:26', '2022-10-25 00:30:26'),
(8, 6, 1, 3, '2022-10-25 00:30:26', '2022-10-25 00:30:26'),
(9, 7, 1, 1, '2022-10-25 01:35:10', '2022-10-25 01:35:10'),
(10, 8, 2, 3, '2022-10-25 07:04:24', '2022-10-25 07:04:24'),
(11, 9, 3, 1, '2022-10-25 18:46:23', '2022-10-25 18:46:23'),
(12, 10, 2, 1, '2022-10-25 19:03:14', '2022-10-25 19:03:14'),
(13, 10, 3, 1, '2022-10-25 19:03:14', '2022-10-25 19:03:14'),
(14, 10, 1, 1, '2022-10-25 19:03:14', '2022-10-25 19:03:14'),
(15, 11, 3, 2, '2022-10-25 19:23:18', '2022-10-25 19:23:18'),
(16, 12, 2, 1, '2022-10-26 07:13:40', '2022-10-26 07:13:40'),
(17, 13, 3, 2, '2022-10-26 20:44:55', '2022-10-26 20:44:55'),
(18, 14, 3, 1, '2022-10-26 23:05:56', '2022-10-26 23:05:56'),
(19, 15, 4, 1, '2022-10-26 23:13:35', '2022-10-26 23:13:35'),
(20, 16, 1, 2, '2022-10-26 23:25:55', '2022-10-26 23:25:55'),
(21, 17, 4, 1, '2022-10-27 02:35:10', '2022-10-27 02:35:10'),
(22, 18, 3, 1, '2022-10-28 07:12:09', '2022-10-28 07:12:09');

-- --------------------------------------------------------

--
-- Table structure for table `failed_jobs`
--

CREATE TABLE `failed_jobs` (
  `id` bigint(20) UNSIGNED NOT NULL,
  `connection` text COLLATE utf8mb4_unicode_ci NOT NULL,
  `queue` text COLLATE utf8mb4_unicode_ci NOT NULL,
  `payload` longtext COLLATE utf8mb4_unicode_ci NOT NULL,
  `exception` longtext COLLATE utf8mb4_unicode_ci NOT NULL,
  `failed_at` timestamp NOT NULL DEFAULT current_timestamp()
) ENGINE=InnoDB DEFAULT CHARSET=utf8mb4 COLLATE=utf8mb4_unicode_ci;

-- --------------------------------------------------------

--
-- Table structure for table `keranjang`
--

CREATE TABLE `keranjang` (
  `id` bigint(20) UNSIGNED NOT NULL,
  `user_id` bigint(20) UNSIGNED NOT NULL,
  `products_id` bigint(20) UNSIGNED NOT NULL,
  `qty` int(11) NOT NULL,
  `created_at` timestamp NULL DEFAULT NULL,
  `updated_at` timestamp NULL DEFAULT NULL
) ENGINE=InnoDB DEFAULT CHARSET=utf8mb4 COLLATE=utf8mb4_unicode_ci;

--
-- Dumping data for table `keranjang`
--

INSERT INTO `keranjang` (`id`, `user_id`, `products_id`, `qty`, `created_at`, `updated_at`) VALUES
(9, 1, 1, 1, '2022-10-24 23:43:12', '2022-10-24 23:43:12'),
(22, 13, 3, 1, '2022-10-26 21:40:06', '2022-10-26 21:40:06');

-- --------------------------------------------------------

--
-- Table structure for table `migrations`
--

CREATE TABLE `migrations` (
  `id` int(10) UNSIGNED NOT NULL,
  `migration` varchar(255) COLLATE utf8mb4_unicode_ci NOT NULL,
  `batch` int(11) NOT NULL
) ENGINE=InnoDB DEFAULT CHARSET=utf8mb4 COLLATE=utf8mb4_unicode_ci;

--
-- Dumping data for table `migrations`
--

INSERT INTO `migrations` (`id`, `migration`, `batch`) VALUES
(1, '2014_10_12_000000_create_users_table', 1),
(2, '2014_10_12_100000_create_password_resets_table', 1),
(3, '2019_08_19_000000_create_failed_jobs_table', 1),
(4, '2020_03_22_020309_create_provinces_table', 1),
(5, '2020_03_22_020319_create_cities_table', 1),
(6, '2020_03_22_020330_create_couriers_table', 1),
(7, '2020_03_22_074903_create_categories_tables', 1),
(8, '2020_03_22_074918_create_products_tables', 1),
(9, '2020_03_22_132305_create_alamat_tables', 1),
(10, '2020_03_22_132559_create_order_table', 1),
(11, '2020_03_22_132659_create_detail_order', 1),
(12, '2020_03_22_134342_create_status_order_table', 1),
(13, '2020_03_22_143238_add_stok_to_product', 1),
(14, '2020_03_22_150047_create_rekening_table', 1),
(15, '2020_03_22_150145_add_biaya_cod_to_order', 1),
(16, '2020_03_23_101813_add_keterangan_to_order', 1),
(17, '2020_03_23_101848_create_keranjang_table', 1),
(18, '2020_03_24_071526_add_bukti_telepon_to_order', 1),
(19, '2020_03_24_072038_add_pesan_to_order', 1),
(20, '2020_03_26_131136_create_alamat_toko_table', 1);

-- --------------------------------------------------------

--
-- Table structure for table `order`
--

CREATE TABLE `order` (
  `id` bigint(20) UNSIGNED NOT NULL,
  `invoice` varchar(255) COLLATE utf8mb4_unicode_ci NOT NULL,
  `user_id` bigint(20) UNSIGNED NOT NULL,
  `subtotal` int(11) NOT NULL,
  `no_resi` varchar(255) COLLATE utf8mb4_unicode_ci DEFAULT NULL,
  `status_order_id` bigint(20) UNSIGNED NOT NULL,
  `metode_pembayaran` varchar(255) COLLATE utf8mb4_unicode_ci NOT NULL,
  `ongkir` int(11) NOT NULL,
  `created_at` timestamp NULL DEFAULT NULL,
  `updated_at` timestamp NULL DEFAULT NULL,
  `biaya_cod` int(11) NOT NULL DEFAULT 0,
  `no_hp` varchar(255) COLLATE utf8mb4_unicode_ci DEFAULT NULL,
  `bukti_pembayaran` varchar(255) COLLATE utf8mb4_unicode_ci DEFAULT NULL,
  `pesan` text COLLATE utf8mb4_unicode_ci DEFAULT NULL
) ENGINE=InnoDB DEFAULT CHARSET=utf8mb4 COLLATE=utf8mb4_unicode_ci;

--
-- Dumping data for table `order`
--

INSERT INTO `order` (`id`, `invoice`, `user_id`, `subtotal`, `no_resi`, `status_order_id`, `metode_pembayaran`, `ongkir`, `created_at`, `updated_at`, `biaya_cod`, `no_hp`, `bukti_pembayaran`, `pesan`) VALUES
(1, 'ITDEL202210220156', 2, 14030000, NULL, 2, 'trf', 30000, '2022-10-21 18:56:29', '2022-10-21 18:57:57', 0, '082272093950', 'buktibayar/LVoh78BdNSkpf7oT3wEPVqTLl2wbeNvTwAS6KRj3.png', 'antar'),
(2, 'ITDEL202210230217', 2, 42030000, NULL, 2, 'trf', 30000, '2022-10-23 07:17:24', '2022-10-23 07:17:42', 0, '082272093950', 'buktibayar/Gtw6K6k9JwsBo3gceO2XI9Y7V7aK5EPCRXWWdXQq.jpg', 'Makasih'),
(3, 'ITDEL202210250140', 1, 14030000, NULL, 6, 'trf', 30000, '2022-10-24 18:40:18', '2022-10-24 18:43:26', 0, '082272093950', NULL, 'Kirim'),
(4, 'ITDEL_INV202210250142', 1, 14030000, NULL, 6, 'trf', 30000, '2022-10-24 18:43:03', '2022-10-24 18:43:23', 0, '082272093950', NULL, 'Cepat'),
(6, 'ITDEL_INV202210250726', 3, 92150000, '144557778869912', 5, 'trf', 150000, '2022-10-25 00:30:26', '2022-10-25 18:54:00', 0, '082272093950', 'buktibayar/Y4CJuBxfs1b3sfGK5grJVeXeJIHGMxXOzZRDqZ0J.webp', 'Harap dikirimkan'),
(7, 'ITDEL_INV202210250835', 3, 14030000, 'A1234556668', 5, 'trf', 30000, '2022-10-25 01:35:10', '2022-10-25 18:54:03', 0, '082272093950', 'buktibayar/okBCcG9RwrW7wFaWRx2NQdyIR7Hr04sFDk7jlGQo.png', 'Secepatnya'),
(8, 'ITDEL_INV202210250204', 3, 33180000, 'A1234556667', 5, 'trf', 180000, '2022-10-25 07:04:24', '2022-10-25 18:54:06', 0, '082272093950', 'buktibayar/gKGRtwT6Or7lm6hvzzhCYDDyNL1tW9rkyW4QJdCJ.jpg', 'WKWKWK'),
(9, 'ITDEL-INV202210260145', 3, 33030000, 'A1234556669', 5, 'trf', 30000, '2022-10-25 18:46:23', '2022-10-25 18:58:48', 0, '082272093950', 'buktibayar/7X3GHNj02dP5e93qkc62eEaK3hRwY4lc5EmkqjJX.png', 'Jangan dititipkan kepada satpam, agar tidak dibongkar'),
(10, 'ITDEL-INV202210260202', 4, 58090000, 'A1122299800', 5, 'trf', 90000, '2022-10-25 19:03:14', '2022-10-25 19:06:27', 0, '082272093950', 'buktibayar/lau2qM0gUxrnJOyzSnpw4FAkC18truXf06zwB0kF.png', 'Kirimkan secepatnya'),
(11, 'ITDEL-INV202210260223', 4, 66030000, 'A11222998001', 5, 'trf', 30000, '2022-10-25 19:23:18', '2022-10-25 19:24:27', 0, '082272093950', 'buktibayar/MX955Uw8g0SrMJ8qV2yjgl7h0IdBEwBJCU68ScLB.jpg', 'Secepatnya'),
(12, 'ITDEL-INV202210260213', 6, 11060000, '144557778869917', 5, 'trf', 60000, '2022-10-26 07:13:40', '2022-10-26 07:16:08', 0, '082272093950', 'buktibayar/eO1wtRzK8MTZXoqpOK20FqH8covO1lHoKORvkq2b.jpg', 'aaa'),
(13, 'ITDEL-INV202210270344', 11, 66149000, '144557778869912', 5, 'trf', 149000, '2022-10-26 20:44:55', '2022-10-26 20:51:52', 0, '082272093950', 'buktibayar/EgjlFegZ5ZwSsk9bMGZAB409ym2h2ca53tyVI9nD.jpg', 'Kirim secepatnya pada waktu yang telah ditentukan'),
(14, 'ITDEL-INV202210270605', 15, 33090000, NULL, 1, 'trf', 90000, '2022-10-26 23:05:56', '2022-10-26 23:05:56', 0, '082272093950', NULL, 'Seperti lucu ya Bun'),
(15, 'ITDEL-INV202210270613', 16, 22059000, NULL, 2, 'cod', 60000, '2022-10-26 23:13:35', '2022-10-26 23:14:10', 10000, '082272093950', 'buktibayar/dLevhhphfvDdKxZKnIz50p6R18OxYZuM2lG2wuH5.png', 'ghadaksd'),
(16, 'ITDEL-INV202210270625', 16, 28060000, NULL, 1, 'trf', 60000, '2022-10-26 23:25:55', '2022-10-26 23:25:55', 0, '082272093950', NULL, 'Wooooooooooooooooooow'),
(17, 'ITDEL-INV202210270935', 20, 22062000, 'JNAP-0061460488', 5, 'trf', 63000, '2022-10-27 02:35:10', '2022-10-27 02:38:44', 0, '082272093950', 'buktibayar/uqI3YF4UQM28tTZ0ocky2BUUcDPOs6Ax0qczeTuM.jpg', 'WKWKWKWKWKWK'),
(18, 'ITDEL-INV202210280212', 23, 33161000, 'JNE1234556669', 4, 'trf', 161000, '2022-10-28 07:12:09', '2022-10-28 07:15:39', 0, '082272093950', 'buktibayar/uBoUXkHnLPTGqXrl5iTarbSIOd8Od1ChOKYX37M3.jpg', 'wdasdad');

-- --------------------------------------------------------

--
-- Table structure for table `password_resets`
--

CREATE TABLE `password_resets` (
  `email` varchar(255) COLLATE utf8mb4_unicode_ci NOT NULL,
  `token` varchar(255) COLLATE utf8mb4_unicode_ci NOT NULL,
  `created_at` timestamp NULL DEFAULT NULL
) ENGINE=InnoDB DEFAULT CHARSET=utf8mb4 COLLATE=utf8mb4_unicode_ci;

--
-- Dumping data for table `password_resets`
--

INSERT INTO `password_resets` (`email`, `token`, `created_at`) VALUES
('if420029@students.del.ac.id', '$2y$10$pb2ANzkJahHUYmPdwgRIUeySIWTIXSt0p7cSTIg0cAVukkGFUKRTG', '2022-10-24 18:54:41'),
('samueltampubolon2002@gmail.com', '$2y$10$WkvPJRZfKQEYhfyjzrVzcuxorSa7FPfKRMZxksZeQXHTDEQajx84C', '2022-10-26 00:13:00');

-- --------------------------------------------------------

--
-- Table structure for table `products`
--

CREATE TABLE `products` (
  `id` bigint(20) UNSIGNED NOT NULL,
  `name` varchar(255) COLLATE utf8mb4_unicode_ci NOT NULL,
  `description` text COLLATE utf8mb4_unicode_ci NOT NULL,
  `image` text COLLATE utf8mb4_unicode_ci NOT NULL,
  `price` int(11) NOT NULL,
  `weigth` int(11) NOT NULL,
  `categories_id` bigint(20) UNSIGNED NOT NULL,
  `created_at` timestamp NULL DEFAULT NULL,
  `updated_at` timestamp NULL DEFAULT NULL,
  `stok` int(11) NOT NULL DEFAULT 0
) ENGINE=InnoDB DEFAULT CHARSET=utf8mb4 COLLATE=utf8mb4_unicode_ci;

--
-- Dumping data for table `products`
--

INSERT INTO `products` (`id`, `name`, `description`, `image`, `price`, `weigth`, `categories_id`, `created_at`, `updated_at`, `stok`) VALUES
(1, 'Asus TUF A15', 'Murah Meriah', 'imageproduct/BZiqG7uAHabm6Oze44VqTSKm9Z3fVtb3tVBBtJ4P.webp', 14000000, 70, 1, '2022-10-21 18:46:19', '2022-10-21 18:46:19', 5),
(2, 'HP Pavilion', 'AMD Ryzen 5 processor,Windows 10 Home Single Language 64,,NVIDIA GeForce GTX 1650 (4 GB GDDR6 dedicated),512 GB PCIe NVMe M.2 SSD,16 GB DDR4-3200 MHz RAM (2 x 8 GB),Starting at 1.98 kg', 'imageproduct/GpSJe3ZhPQZ5i1UDc2GHZQmmibBFkCTcVkI8UMBZ.webp', 11000000, 1980, 1, '2022-10-24 07:02:50', '2022-10-24 07:02:50', 4),
(3, 'MacBook Air', 'GPU di M1 menghadirkan grafis terintegrasi secepat kilat. Jadi, Anda dapat membuat, mengedit, dan memutar beberapa aliran video 4K kualitas penuh tanpa menurunkan satu frame pun.', 'imageproduct/PiGvr8EVWvNiIlfdPCkoqAlGRqa07vJcA6fPbCSP.png', 33000000, 500, 2, '2022-10-25 07:27:45', '2022-10-25 07:27:45', 4),
(4, 'iPhone 14 Pro Max', 'Layar Super Retina XDR 6,7 inci yang Selalu Aktif dan dilengkapi ProMotion\r\nDynamic Island, cara baru yang istimewa untuk berinteraksi dengan iPhone\r\nKamera utama 48 MP untuk resolusi hingga 4x lebih besar\r\nMode Sinematik kini dalam Dolby Vision 4K pada kecepatan hingga 30 fps\r\nMode Aksi untuk video handheld yang stabil\r\nTeknologi keselamatan pentingDeteksi Tabrakan,1 memanggil bantuan saat Anda tak bisa\r\nKekuatan baterai sepanjang hari dan pemutaran video hingga 29 jam\r\nA16 Bionic, chip ponsel pintar paling maksimal. Seluler 5G super cepat\r\nFitur ketahanan terdepan di industri dengan Ceramic Shield dan tahan air\r\niOS 16 menawarkan semakin banyak cara untuk personalisasi, komunikasi, dan berbagi', 'imageproduct/TS6Hi59riP65o6nhRkYQ6w99VP41coG9Vie0a5ef.jpg', 21999000, 670, 4, '2022-10-25 18:37:00', '2022-10-26 23:53:10', 1);

-- --------------------------------------------------------

--
-- Table structure for table `provinces`
--

CREATE TABLE `provinces` (
  `id` bigint(20) UNSIGNED NOT NULL,
  `province_id` bigint(20) UNSIGNED NOT NULL,
  `title` varchar(255) COLLATE utf8mb4_unicode_ci NOT NULL,
  `created_at` timestamp NULL DEFAULT NULL,
  `updated_at` timestamp NULL DEFAULT NULL
) ENGINE=InnoDB DEFAULT CHARSET=utf8mb4 COLLATE=utf8mb4_unicode_ci;

--
-- Dumping data for table `provinces`
--

INSERT INTO `provinces` (`id`, `province_id`, `title`, `created_at`, `updated_at`) VALUES
(1, 1, 'Bali', '2022-10-21 12:45:02', '2022-10-21 12:45:02'),
(2, 2, 'Bangka Belitung', '2022-10-21 12:45:04', '2022-10-21 12:45:04'),
(3, 3, 'Banten', '2022-10-21 12:45:05', '2022-10-21 12:45:05'),
(4, 4, 'Bengkulu', '2022-10-21 12:45:07', '2022-10-21 12:45:07'),
(5, 5, 'DI Yogyakarta', '2022-10-21 12:45:08', '2022-10-21 12:45:08'),
(6, 6, 'DKI Jakarta', '2022-10-21 12:45:10', '2022-10-21 12:45:10'),
(7, 7, 'Gorontalo', '2022-10-21 12:45:11', '2022-10-21 12:45:11'),
(8, 8, 'Jambi', '2022-10-21 12:45:13', '2022-10-21 12:45:13'),
(9, 9, 'Jawa Barat', '2022-10-21 12:45:14', '2022-10-21 12:45:14'),
(10, 10, 'Jawa Tengah', '2022-10-21 12:45:16', '2022-10-21 12:45:16'),
(11, 11, 'Jawa Timur', '2022-10-21 12:45:17', '2022-10-21 12:45:17'),
(12, 12, 'Kalimantan Barat', '2022-10-21 12:45:19', '2022-10-21 12:45:19'),
(13, 13, 'Kalimantan Selatan', '2022-10-21 12:45:21', '2022-10-21 12:45:21'),
(14, 14, 'Kalimantan Tengah', '2022-10-21 12:45:22', '2022-10-21 12:45:22'),
(15, 15, 'Kalimantan Timur', '2022-10-21 12:45:24', '2022-10-21 12:45:24'),
(16, 16, 'Kalimantan Utara', '2022-10-21 12:45:25', '2022-10-21 12:45:25'),
(17, 17, 'Kepulauan Riau', '2022-10-21 12:45:27', '2022-10-21 12:45:27'),
(18, 18, 'Lampung', '2022-10-21 12:45:28', '2022-10-21 12:45:28'),
(19, 19, 'Maluku', '2022-10-21 12:45:30', '2022-10-21 12:45:30'),
(20, 20, 'Maluku Utara', '2022-10-21 12:45:31', '2022-10-21 12:45:31'),
(21, 21, 'Nanggroe Aceh Darussalam (NAD)', '2022-10-21 12:45:33', '2022-10-21 12:45:33'),
(22, 22, 'Nusa Tenggara Barat (NTB)', '2022-10-21 12:45:34', '2022-10-21 12:45:34'),
(23, 23, 'Nusa Tenggara Timur (NTT)', '2022-10-21 12:45:36', '2022-10-21 12:45:36'),
(24, 24, 'Papua', '2022-10-21 12:45:37', '2022-10-21 12:45:37'),
(25, 25, 'Papua Barat', '2022-10-21 12:45:38', '2022-10-21 12:45:38'),
(26, 26, 'Riau', '2022-10-21 12:45:40', '2022-10-21 12:45:40'),
(27, 27, 'Sulawesi Barat', '2022-10-21 12:45:42', '2022-10-21 12:45:42'),
(28, 28, 'Sulawesi Selatan', '2022-10-21 12:45:43', '2022-10-21 12:45:43'),
(29, 29, 'Sulawesi Tengah', '2022-10-21 12:45:44', '2022-10-21 12:45:44'),
(30, 30, 'Sulawesi Tenggara', '2022-10-21 12:45:45', '2022-10-21 12:45:45'),
(31, 31, 'Sulawesi Utara', '2022-10-21 12:45:47', '2022-10-21 12:45:47'),
(32, 32, 'Sumatera Barat', '2022-10-21 12:45:48', '2022-10-21 12:45:48'),
(33, 33, 'Sumatera Selatan', '2022-10-21 12:45:50', '2022-10-21 12:45:50'),
(34, 34, 'Sumatera Utara', '2022-10-21 12:45:51', '2022-10-21 12:45:51');

-- --------------------------------------------------------

--
-- Table structure for table `rekening`
--

CREATE TABLE `rekening` (
  `id` bigint(20) UNSIGNED NOT NULL,
  `bank_name` varchar(255) COLLATE utf8mb4_unicode_ci NOT NULL,
  `atas_nama` varchar(255) COLLATE utf8mb4_unicode_ci NOT NULL,
  `no_rekening` varchar(255) COLLATE utf8mb4_unicode_ci NOT NULL,
  `created_at` timestamp NULL DEFAULT NULL,
  `updated_at` timestamp NULL DEFAULT NULL
) ENGINE=InnoDB DEFAULT CHARSET=utf8mb4 COLLATE=utf8mb4_unicode_ci;

--
-- Dumping data for table `rekening`
--

INSERT INTO `rekening` (`id`, `bank_name`, `atas_nama`, `no_rekening`, `created_at`, `updated_at`) VALUES
(1, 'BRI', 'SAMUEL TAMPUBOLON', '11420876389062', NULL, '2022-10-26 20:51:04'),
(2, 'DANA', 'SAMUEL TAMPUBOLON', '082272093950', '2022-10-24 07:33:39', '2022-10-24 07:33:39'),
(3, 'MANDIRI', 'SAMUEL TAMPUBOLON', '0812690320932838', '2022-10-24 07:33:53', '2022-10-24 07:33:53'),
(4, 'GOPAY', 'SAMUEL TAMPUBOLON', '082272093950', '2022-10-24 07:34:14', '2022-10-24 07:34:14');

-- --------------------------------------------------------

--
-- Table structure for table `status_order`
--

CREATE TABLE `status_order` (
  `id` bigint(20) UNSIGNED NOT NULL,
  `name` varchar(255) COLLATE utf8mb4_unicode_ci NOT NULL,
  `created_at` timestamp NULL DEFAULT NULL,
  `updated_at` timestamp NULL DEFAULT NULL
) ENGINE=InnoDB DEFAULT CHARSET=utf8mb4 COLLATE=utf8mb4_unicode_ci;

--
-- Dumping data for table `status_order`
--

INSERT INTO `status_order` (`id`, `name`, `created_at`, `updated_at`) VALUES
(1, 'Belum Bayar', NULL, NULL),
(2, 'Perlu Di Cek', NULL, NULL),
(3, 'Telah Di Bayar', NULL, NULL),
(4, 'Barang Di Kirim', NULL, NULL),
(5, 'Barang Telah Sampai', NULL, NULL),
(6, 'Pesanan Di Batalkan', NULL, NULL);

-- --------------------------------------------------------

--
-- Table structure for table `users`
--

CREATE TABLE `users` (
  `id` bigint(20) UNSIGNED NOT NULL,
  `name` varchar(255) COLLATE utf8mb4_unicode_ci NOT NULL,
  `email` varchar(255) COLLATE utf8mb4_unicode_ci NOT NULL,
  `email_verified_at` timestamp NULL DEFAULT NULL,
  `password` varchar(255) COLLATE utf8mb4_unicode_ci NOT NULL,
  `role` varchar(30) COLLATE utf8mb4_unicode_ci NOT NULL,
  `remember_token` varchar(100) COLLATE utf8mb4_unicode_ci DEFAULT NULL,
  `isVerified` tinyint(4) DEFAULT 0,
  `token_activation` varchar(255) COLLATE utf8mb4_unicode_ci DEFAULT NULL,
  `created_at` timestamp NULL DEFAULT NULL,
  `updated_at` timestamp NULL DEFAULT NULL
) ENGINE=InnoDB DEFAULT CHARSET=utf8mb4 COLLATE=utf8mb4_unicode_ci;

--
-- Dumping data for table `users`
--

INSERT INTO `users` (`id`, `name`, `email`, `email_verified_at`, `password`, `role`, `remember_token`, `isVerified`, `token_activation`, `created_at`, `updated_at`) VALUES
(1, 'Samuel Prayoga Tampubolon', 'if420029@students.del.ac.id', NULL, '$2y$10$jPPITc5aA1K/MrJ7h8zdMO7/yBoc8jUWiNxMB/UlRJcC.Kt6f.Y0S', 'admin', NULL, 1, NULL, '2022-10-24 18:44:10', '2022-10-24 18:45:29'),
(6, 'Samuel Prayoga Tampubolon', 'if420087@students.del.ac.id', NULL, '$2y$10$vUtXK.x/uZUYP63CEx8eXODrD1XRYmSxwgHhfVbPwpzAeNDiUchW.', 'customer', NULL, 1, NULL, '2022-10-26 07:11:00', '2022-10-26 07:12:37'),
(7, 'Wordyka', 'wordyka.nainggolan2016@gmail.com', NULL, '$2y$10$6ZYBSl3bFAX.PIcFWfieieVpR2DxGRG9pGu8ThSWZdkVSbBp7lBzK', 'customer', NULL, 1, NULL, '2022-10-26 18:21:05', '2022-10-26 18:21:39'),
(8, 'Nivshea Estetica', 'nivsheae95@gmail.com', NULL, '$2y$10$4AIjrSjlKgblB/I70ig0AeWl3foNvEC5vqJ2Pbfm07uKE20sMBEVS', 'customer', NULL, 0, '988626', '2022-10-26 20:34:35', '2022-10-26 20:34:35'),
(28, 'Joko Anwar', 'samueltampubolon2002@gmail.com', NULL, '$2y$10$PBRItLW4icga8QZrRD/g.uyU1l1kig1u.dW3kP2SfLW8/cuWlo4Fm', 'customer', NULL, 1, NULL, '2022-10-29 07:12:55', '2022-10-29 07:13:10');

--
-- Indexes for dumped tables
--

--
-- Indexes for table `alamat`
--
ALTER TABLE `alamat`
  ADD PRIMARY KEY (`id`);

--
-- Indexes for table `alamat_toko`
--
ALTER TABLE `alamat_toko`
  ADD PRIMARY KEY (`id`);

--
-- Indexes for table `categories`
--
ALTER TABLE `categories`
  ADD PRIMARY KEY (`id`);

--
-- Indexes for table `cities`
--
ALTER TABLE `cities`
  ADD PRIMARY KEY (`id`);

--
-- Indexes for table `couriers`
--
ALTER TABLE `couriers`
  ADD PRIMARY KEY (`id`);

--
-- Indexes for table `detail_order`
--
ALTER TABLE `detail_order`
  ADD PRIMARY KEY (`id`);

--
-- Indexes for table `failed_jobs`
--
ALTER TABLE `failed_jobs`
  ADD PRIMARY KEY (`id`);

--
-- Indexes for table `keranjang`
--
ALTER TABLE `keranjang`
  ADD PRIMARY KEY (`id`);

--
-- Indexes for table `migrations`
--
ALTER TABLE `migrations`
  ADD PRIMARY KEY (`id`);

--
-- Indexes for table `order`
--
ALTER TABLE `order`
  ADD PRIMARY KEY (`id`);

--
-- Indexes for table `password_resets`
--
ALTER TABLE `password_resets`
  ADD KEY `password_resets_email_index` (`email`);

--
-- Indexes for table `products`
--
ALTER TABLE `products`
  ADD PRIMARY KEY (`id`);

--
-- Indexes for table `provinces`
--
ALTER TABLE `provinces`
  ADD PRIMARY KEY (`id`);

--
-- Indexes for table `rekening`
--
ALTER TABLE `rekening`
  ADD PRIMARY KEY (`id`);

--
-- Indexes for table `status_order`
--
ALTER TABLE `status_order`
  ADD PRIMARY KEY (`id`);

--
-- Indexes for table `users`
--
ALTER TABLE `users`
  ADD PRIMARY KEY (`id`),
  ADD UNIQUE KEY `users_email_unique` (`email`);

--
-- AUTO_INCREMENT for dumped tables
--

--
-- AUTO_INCREMENT for table `alamat`
--
ALTER TABLE `alamat`
  MODIFY `id` bigint(20) UNSIGNED NOT NULL AUTO_INCREMENT, AUTO_INCREMENT=14;

--
-- AUTO_INCREMENT for table `alamat_toko`
--
ALTER TABLE `alamat_toko`
  MODIFY `id` bigint(20) UNSIGNED NOT NULL AUTO_INCREMENT, AUTO_INCREMENT=2;

--
-- AUTO_INCREMENT for table `categories`
--
ALTER TABLE `categories`
  MODIFY `id` bigint(20) UNSIGNED NOT NULL AUTO_INCREMENT, AUTO_INCREMENT=5;

--
-- AUTO_INCREMENT for table `cities`
--
ALTER TABLE `cities`
  MODIFY `id` bigint(20) UNSIGNED NOT NULL AUTO_INCREMENT, AUTO_INCREMENT=502;

--
-- AUTO_INCREMENT for table `couriers`
--
ALTER TABLE `couriers`
  MODIFY `id` bigint(20) UNSIGNED NOT NULL AUTO_INCREMENT, AUTO_INCREMENT=4;

--
-- AUTO_INCREMENT for table `detail_order`
--
ALTER TABLE `detail_order`
  MODIFY `id` bigint(20) UNSIGNED NOT NULL AUTO_INCREMENT, AUTO_INCREMENT=23;

--
-- AUTO_INCREMENT for table `failed_jobs`
--
ALTER TABLE `failed_jobs`
  MODIFY `id` bigint(20) UNSIGNED NOT NULL AUTO_INCREMENT;

--
-- AUTO_INCREMENT for table `keranjang`
--
ALTER TABLE `keranjang`
  MODIFY `id` bigint(20) UNSIGNED NOT NULL AUTO_INCREMENT, AUTO_INCREMENT=28;

--
-- AUTO_INCREMENT for table `migrations`
--
ALTER TABLE `migrations`
  MODIFY `id` int(10) UNSIGNED NOT NULL AUTO_INCREMENT, AUTO_INCREMENT=21;

--
-- AUTO_INCREMENT for table `order`
--
ALTER TABLE `order`
  MODIFY `id` bigint(20) UNSIGNED NOT NULL AUTO_INCREMENT, AUTO_INCREMENT=19;

--
-- AUTO_INCREMENT for table `products`
--
ALTER TABLE `products`
  MODIFY `id` bigint(20) UNSIGNED NOT NULL AUTO_INCREMENT, AUTO_INCREMENT=5;

--
-- AUTO_INCREMENT for table `provinces`
--
ALTER TABLE `provinces`
  MODIFY `id` bigint(20) UNSIGNED NOT NULL AUTO_INCREMENT, AUTO_INCREMENT=35;

--
-- AUTO_INCREMENT for table `rekening`
--
ALTER TABLE `rekening`
  MODIFY `id` bigint(20) UNSIGNED NOT NULL AUTO_INCREMENT, AUTO_INCREMENT=6;

--
-- AUTO_INCREMENT for table `status_order`
--
ALTER TABLE `status_order`
  MODIFY `id` bigint(20) UNSIGNED NOT NULL AUTO_INCREMENT, AUTO_INCREMENT=7;

--
-- AUTO_INCREMENT for table `users`
--
ALTER TABLE `users`
  MODIFY `id` bigint(20) UNSIGNED NOT NULL AUTO_INCREMENT, AUTO_INCREMENT=29;
COMMIT;

/*!40101 SET CHARACTER_SET_CLIENT=@OLD_CHARACTER_SET_CLIENT */;
/*!40101 SET CHARACTER_SET_RESULTS=@OLD_CHARACTER_SET_RESULTS */;
/*!40101 SET COLLATION_CONNECTION=@OLD_COLLATION_CONNECTION */;
